{"./":{"url":"./","title":"Introduction","keywords":"","body":"Introduction //查看gitbook的版本 gitbook -V //初始化一个项目 gitbook init //列出所有的gitbook的命令 gitbook help //显示gitbook-cli的帮助信息 gitbook --help // 生成静态页面html gitbook build //生成静态网页并且启动本地的一个server gitbook serve --gitbook=3.0.0 //列出本地所有gitbook的版本 //列出远端可用的gitbook的最新版本 gitbook ls gitbook ls-remote //更新到gitbook最新的版本 gitbook update //卸载对应的gitbook版本 gitbook uninstall 2.0.1 //指定log的级别 gitbook build --log=debug //输出错误信息 gitbook build --debug //gitbook安装插件 gitbook install ./ &CopyRight Yolo2021 all right reserved，powered by Gitbook文件修订时间： 2021-09-22 13:08:36 "},"简历/":{"url":"简历/","title":"简历","keywords":"","body":" 姓名：于欢 工作时间： 2017年7月-至今（四年+） 学历：硕士 手机/微信： 17701767622 mail：jl381169437@gmail.com 个人简介 react技术栈，有移动端H5和PC端项目开发经验；注重自身技术发展，持续学习，查漏补缺，喜欢Markdown编写文档。热爱生活，喜欢技术周边的折腾、做饭、摄影爱好者、关注数码3C 工作经历 通联数据股份公司 前端开发工程师 2017年07月-至今 工作内容 react技术栈开发，参与项目从立项到交付部署整体流程；参与落地项目客户测试环境项目现场部署，了解linux与nginx基础应用 在项目周期过长导致早期项目与组内新开发模式不兼容时，承担升级适配工作。对早期项目进行文档补充，建立文档模板，推动组内文档建设。 对于公司内部运维相关工具jenkins，rancher能够熟练使用，熟悉项目的qa环境部署配置与问题排查。 担任项目前端负责人，管理项目前端排期、开发进度和人员安排；担任导师培训新人，指导新入职同事快速熟悉业务 工作优势 能够按时保质保量完成开发任务，能够认真分析需求文档，在项目开发前期把握开发难点和细节，开发过程中与各环节做到良好沟通，对UI图能够做到高度还原并得到认可 对于未曾接触过的开发场景，能够快速理解和把握，提出解决方案 项目经验 PC端 1. 标品模块开发 2020.05-至今 1.1. 标品淡马锡项目 参与公司重要战略项目一期前端开发，将现有标品中部分模块进行迁移定制、探索标品项目的国际化方案并初步实现 1.2. 腾安项目标品编辑器替换 标准产品中已有编辑器兼容性较差，替换为quill编辑器，开发过程中整理quill使用文档 https://juejin.cn/post/6915301457541955598 1.3. 内部研究审批流程管理模块 主要工作在流程编辑和对接BPMN.io后端，完成json数据与BPMN后端所需的xml数据的互相转换。 1.4. 混合云-权限模块开发 包括用户管理、角色管理和权限配置模块，作为标准产品子模块单独部署，通过公司云平台作为统一登录； 开发核心复用组件--权限配置表格，通过antd的Form和Table的嵌套，节点的勾选通过Form组件提供的onChange触发对树状结构操作，完成节点父子节点的联动，支持多级联动。 针对多用户落地部署需求，将项目ci部署配置模式从key-value模式改为json文件配置模式，降低配置更新复杂度。 对页面访问权限控制采用独立的函数式组件，针对不同pathname提供不同的控制策略，不侵入页面业务逻辑 2. 客户投顾中台项目 2018-2019 项目简介 面向的用户是券商的投资顾问，方便投资顾问管理其客户，更全面的掌握客户信息 中台系统主要模块有股票和基金的标签管理、客户及客群画像、产品画像、客户理财规划书、新闻资讯配置 负责工作 旧版中台项目独立搭建系统框架，react-redux架构，完成webpack配置开发和打包，airbnb代码规范配置，引入antd等工作。针对项目需求实现同一模块根据路由注入动态reducer，使同一模块能够实现复用。基于CKEditor的新闻资讯编辑使用的富文本编辑器组件开发，自定义图片上传插件； 基于组内统一框架开发新版中台，在开发过程中完善框架使用场景，推动框架完善。新版增加webpack代码切分等优化，采用配置解析方式对页面以及逻辑进行开发，提高开发效率；提供highchart图表工具基础配置组件开发，根据属性传递的数据变化调用update更新图表，改变以往使用的重绘整个图表的方式，优化页面展示。 在页面导出方案中，因为前端为tab页展示，用户在导出时可能并没有切换其他tab卡，会存在部分图表未在前端渲染情况；所以在点击导出按钮时，先判断有哪些图表已经渲染，已经渲染的会缓存base64的截图，未渲染的图表触发隐藏渲染并截图 负责完成客户测试环境及生产环境部署上线任务，Nginx负载均衡，多项目反向代理，后期线上维护交回客户手中。 Node项目 项目node+puppeteer导出pdf文档服务 搭建了私有的browserless服务，browserless为puppeteer提供了远程的chrome服务，服务基于Docker部署； 导出服务基于Eggjs搭建，考虑了日志监控、不同环境部署配置、公共服务抽取。 解决落地部署配置痛点 公司前端统一将项目配置项放在window下的一个全局变量中，已对象形式存储，不同环境使用不同的值；在之前的落地部署时都是前端来修改部署文件夹中的index.html的内容，进行硬编码； 改进：在webpack生产出包时通过配置多个HtmlWebpackPlugin，生成多份html文件，每一份html文件使用其对应环境的配置项，在不同环境落地部署时，通过nginx指向不同的index文件即可，节省了每次出包修改index文件的时间，提高了出包部署效率 H5移动端页面 (2020年之前) 智能投顾小工具 项目简介 智能投顾小工具包括个股诊断、持仓诊断、用户账单等多个H5项目；提供给客户嵌入到其现有app中，独立完成 负责工作及问题解决 页面与app对接，通过调用app的webview在window中定义的方法操作历史纪录、通过postMessag与原生app进行交互等 解决各平台和不同型号手机的兼容性问题，例如页面中Tab吸顶操作根据Android和Ios平台区别分布采用两种解决方案；Android平台对position:fixed十分友好，直接使用；IOS9以上采用position:sticky粘性布局，同时参照antd-mobile中吸顶解决方案，在Tab顶部增加一个小垫片，解决吸顶时卡顿问题 H5微信分享 已有的H5项目接入微信分享，搭建测试环境的微信API鉴权服务，便于测试；梳理微信对接方案，开发微信分享对接模块，提高复用性。 日常工作优化 针对公司对于CRM统计工作的需求，在执行过程中，整理统计工作痛点，独立开发完成内部CRM统计小工具，将每日每人的CRM统计工作从20-30分钟降低到5分钟左右，节约了时间，并且提高了统计的准确率。 改进consul配置方式，以json文件替换原有key-value形式，修改已有的Dockerfile和shell脚本，提高内部部署修改配置的效率；编写前端部署包替换配置的脚本，减少现场部署由于配置失误引出的问题，统一了测试环境与生产环境的配置文件。 针对公司对于日报填写的管理，在组内企业微信群中引入机器人，每日定时查询组内成员jira日报填写情况并在群内通报。 业余 搭建家用个人云服务器，完成家庭网络拓扑设计，给自己提供公网可用的web服务器、s3对象存储服务器、服务器监控以及个人Nginx文件服务器和局域网Samba服务。 教育经历 学校 专业 时间 学历 山东建筑大学 车辆工程 2009-2013 本科 上海理工大学 机械工程 2014-2017 硕士 社交主页 名称 地址 CSDN https://blog.csdn.net/jl381169437 github https://github.com/ShadowWalker627 掘金 https://juejin.cn/user/2119514148579607 &CopyRight Yolo2021 all right reserved，powered by Gitbook文件修订时间： 2022-02-09 11:24:00 "},"个人服务器搭建/":{"url":"个人服务器搭建/","title":"个人服务器搭建","keywords":"","body":"基于运营商网络的个人服务器搭建 准备工作(按照顺序准备)： 运营商网络开通公网ip openwrt软路由 申请运营商光猫桥接 路由器防火墙端口转发 J4125-GK55小主机搭建ESXI服务器 阿里云购买域名 运营商网络 运营商网络开通公网ip和申请运营商光猫桥接，这是把家庭网络部署到公网访问的基础。 开通了公网IP，才能在公网上访问到家庭网络环境，但是运营商给的公网IP不是固定的，当然也不是频繁变动，基本是每次拨号会变一次。 光猫桥接是为了解放光猫，将拨号+路由功能交给openwrt软路由，也便于软路由的DDNS插件将变动的公网IP及时更新到阿里云的控制台；这样光猫就只需要解析光纤信号，接收运营商分配的IP。 注：上面这两步要看不同地区的运营商态度，反正上海电信很给力，处理的很快。就说家里有个人NAS要使用就好了。 openwrt软路由 这个我用的R2S，当然其他各种类型的软路由硬件都可以，Google教程很多 路由器防火墙端口转发 像ssh这种不要使用默认端口，防止被黑，所以通过openwrt提供的防火墙端口转发服务 阿里云购买域名 这个有很便宜的，我买的的10年，189RMB一个 服务器物理机 这个我选了J4125-GK55小主机，这个也有很多文章做推荐，J4125好像暂时比较火 &CopyRight Yolo2021 all right reserved，powered by Gitbook文件修订时间： 2021-07-01 13:23:59 "},"个人服务器搭建/ESXI服务器搭建.html":{"url":"个人服务器搭建/ESXI服务器搭建.html","title":"个人服务器搭建","keywords":"","body":"ESXi：安装在物理服务器上，其实是个linux内核的操作系统，只有安装了ESXi以后你才能在上面创建虚拟机。可以理解成在你的台式机上装的vmware workstation，只不过ESXi不用运行在操作系统上（因为本身就是操作系统）而为虚拟机直接调用硬件资源。 GK55预装的是WIN10系统，所以先刷机ESXI；这个小主机支持7x24小时开机运行，功耗也并不大，所以做个人服务器很合适。 刷机 刷机过程安装过程参考了这一篇合集Vmware ESXi U盘安装全流程 封装网卡驱动 安装过程中，碰到网卡驱动不兼容问题，需要对EXSI的iso进行封装，参考VLOG | ESXI6.7-7.0最新版本如何封装网卡驱动补丁，资源也是直接用的文章里面提供的。 安装centos 这个就很简单了，直接google，教程很多 centos系统备份ova模板 参考ESXI中阶教程 如何备份虚拟机ova模版，一次配置一劳永逸 &CopyRight Yolo2021 all right reserved，powered by Gitbook文件修订时间： 2021-07-01 13:36:57 "},"前端100问笔记/":{"url":"前端100问笔记/","title":"前端100问笔记","keywords":"","body":"test &CopyRight Yolo2021 all right reserved，powered by Gitbook文件修订时间： 2021-06-01 11:31:35 "},"前端100问笔记/第1题-写React|Vue项目时为什么要在列表组件中写key.html":{"url":"前端100问笔记/第1题-写React|Vue项目时为什么要在列表组件中写key.html","title":"第1题-写React|Vue项目时为什么要在列表组件中写key","keywords":"","body":"第 1 题：写 React / Vue 项目时为什么要在列表组件中写 key，其作用是什么？ https://github.com/Advanced-Frontend/Daily-Interview-Question/issues/1 Advanced-Frontend/Daily-Interview-Question#1 key的作用是为了在diff算法执行时更快的找到对应的节点，提高diff速度 &CopyRight Yolo2021 all right reserved，powered by Gitbook文件修订时间： 2022-02-09 15:46:45 "},"前端100问笔记/第2题.html":{"url":"前端100问笔记/第2题.html","title":"第2题","keywords":"","body":"第 2 题：['1', '2', '3'].map(parseInt) what & why ? https://github.com/Advanced-Frontend/Daily-Interview-Question/issues/4 parseInt(string, radix)接收两个参数，第一个表示被处理的值（字符串），第二个表示为解析时的基数。 string要被解析的值。如果参数不是一个字符串，则将其转换为字符串(使用 ToString 抽象操作)。字符串开头的空白符将会被忽略。 radix 可选从 2 到 36，表示字符串的基数。例如指定 16 表示被解析值是十六进制数。请注意，10不是默认值！ parseInt('1', 0) //radix 为 0 时，且 string 参数不以“0x”和“0”开头时，按照 10 为基数处理。这个时候返回 1； parseInt('2', 1) // 1不是可选，所以NaN parseInt('3', 2) // 基数为 2（2 进制）表示的数中，最大值小于 3，所以无法解析，返回 NaN。 返回NaN情况： radix 小于 2 或大于 36 （radix为0的情况要参考文档里面具体介绍） 第一个非空格字符不能转换为数字。 MDN中有详细解释： https://developer.mozilla.org/zh-CN/docs/Web/JavaScript/Reference/Global_Objects/parseInt Map的MDN： https://developer.mozilla.org/zh-CN/docs/Web/JavaScript/Reference/Global_Objects/Array/map ['1', '1', '3'].map(parseInt) ['1', '0', '3'].map(parseInt) ['1', 1, '3'].map(parseInt) 答案都是： [1, NaN, NaN] parseInt('2', 1) parseInt('1', 1) 这俩都是 NaN &CopyRight Yolo2021 all right reserved，powered by Gitbook文件修订时间： 2021-06-01 11:57:55 "},"前端100问笔记/第3题-什么是防抖和节流.html":{"url":"前端100问笔记/第3题-什么是防抖和节流.html","title":"第3题-什么是防抖和节流","keywords":"","body":"第 3 题：什么是防抖和节流？有什么区别？如何实现？ https://github.com/Advanced-Frontend/Daily-Interview-Question/issues/5 节流和防抖都是用来处理高频事件的，防抖是在高频事件最后一个事件触发n秒后执行，节流是让高频事件在n秒内只执行一次 防抖 触发高频事件后n秒内函数只会执行一次，如果n秒内高频事件再次被触发，则重新计算时间 思路： 每次触发事件时都取消之前的延时调用方法 Document function debounce (fn, delay) { let timer = null; return function () { clearTimeout(timer); timer = setTimeout(() => { console.log(arguments); // Arguments [InputEvent, callee: ƒ, Symbol(Symbol.iterator): ƒ] fn.apply(this, arguments); }, delay); }; } function onInputChange() { console.log('Input change') } const inputEl = document.getElementById('name'); inputEl.addEventListener('input', debounce(onInputChange, 500)) 节流 高频事件触发，但在n秒内只会执行一次，所以节流会稀释函数的执行频率 思路： 每次触发事件时都判断当前是否有等待执行的延时函数 function throttle_simple(fn, wait, immediate) { let flag = true; let timer = null; return function (...args) { if (immediate) { fn.call(this, ...args); return; } if (flag) { flag = false; timer = setTimeout(() => { fn.call(this, ...args); flag = true; clearTimeout(timer); }, wait); } } } // 执行fn，处理timer的函数 function handleFn(handle, timer, context, args) { clearTimeout(timer); //清除定时器 timer = null; handle && handle.call(context, ...args); previous = new Date(); } function throttle(handle, wait = 1000, immediate = false) { if (typeof handle !== \"function\") { throw new Error(\"handle must be an function\"); } let prev = 0; let timer = null; return function (...args) { //获取当前时间 let now = new Date(); if (!timer) { prev = now; } let interval = wait - (now - prev); if (interval { handleFn(handle, timer, this, args); }, interval); } }; } &CopyRight Yolo2021 all right reserved，powered by Gitbook文件修订时间： 2022-02-09 15:41:29 "},"前端100问笔记/第4题-介绍下Set|Map|WeakSet|WeakMap的区别.html":{"url":"前端100问笔记/第4题-介绍下Set|Map|WeakSet|WeakMap的区别.html","title":"第4题-介绍下Set|Map|WeakSet|WeakMap的区别","keywords":"","body":"第 4 题：介绍下 Set、Map、WeakSet 和 WeakMap 的区别？ https://github.com/Advanced-Frontend/Daily-Interview-Question/issues/6 https://es6.ruanyifeng.com/#docs/set-map Set 它类似于数组，但是成员的值都是唯一的，没有重复的值。 ```javascript // 去除数组的重复成员 [...new Set(array)] // 去除字符串里面的重复字符。 [...new Set('ababbc')].join('') // \"abc\" > 向 Set 加入值的时候，不会发生类型转换 Set 实例的属性: * Set.prototype.constructor：构造函数，默认就是Set函数。 * Set.prototype.size：返回Set实例的成员总数。 操作方法 * Set.prototype.add(value)：添加某个值，返回 Set 结构本身。 * Set.prototype.delete(value)：删除某个值，返回一个布尔值，表示删除是否成功。 * Set.prototype.has(value)：返回一个布尔值，表示该值是否为Set的成员。 * Set.prototype.clear()：清除所有成员，没有返回值。 遍历方法 * Set.prototype.keys()：返回键名的遍历器 * Set.prototype.values()：返回键值的遍历器 * Set.prototype.entries()：返回键值对的遍历器 * Set.prototype.forEach()：使用回调函数遍历每个成员 > keys方法和values方法的行为完全一致 ### WeakSet WeakSet 结构与 Set 类似，也是不重复的值的集合。但是，它与 Set 有两个区别。 * 首先，WeakSet 的成员只能是对象，而不能是其他类型的值。 * WeakSet 中的对象都是弱引用，即垃圾回收机制不考虑 WeakSet 对该对象的引用 > WeakSet 适合临时存放一组对象 WeakSet 结构有以下三个方法。 * WeakSet.prototype.add(value)：向 WeakSet 实例添加一个新成员。 * WeakSet.prototype.delete(value)：清除 WeakSet 实例的指定成员。 * WeakSet.prototype.has(value)：返回一个布尔值，表示某个值是否在 WeakSet 实例之中。 > WeakSet 没有size属性，没有办法遍历它的成员。 ### Map > ES6 提供了 Map 数据结构。它类似于对象，也是键值对的集合，但是“键”的范围不限于字符串，各种类型的值（包括对象）都可以当作键。 Object 结构提供了“字符串—值”的对应，Map 结构提供了“值—值”的对应 任何具有 Iterator 接口、且每个成员都是一个双元素的数组的数据结构（详见《Iterator》一章）都可以当作Map构造函数的参数。这就是说，Set和Map都可以用来生成新的 Map。 const set = new Set([ ['foo', 1], ['bar', 2] ]); const m1 = new Map(set); m1.get('foo') // 1 const m2 = new Map([['baz', 3]]); const m3 = new Map(m2); m3.get('baz') // 3 > * 如果对同一个键多次赋值，后面的值将覆盖前面的值。 > * 如果读取一个未知的键，则返回undefined。 > * 只有对同一个对象的引用，Map 结构才将其视为同一个键。这一点要非常小心。Map 的键实际上是跟内存地址绑定的 const map = new Map(); map.set(['a'], 555); map.get(['a']) // undefined Map 结构的实例 属性 * size 属性 size属性返回 Map 结构的成员总数。 操作方法 * Map.prototype.set(key, value) set方法设置键名key对应的键值为value，然后返回整个 Map 结构。如果key已经有值，则键值会被更新，否则就新生成该键。 set方法返回的是当前的Map对象，因此可以采用链式写法。 const map = new Map() .set(1, 'a') .set(2, 'b') .set(3, 'c'); 操作方法 * Map.prototype.get(key) get方法读取key对应的键值，如果找不到key，返回undefined。 * Map.prototype.has(key) has方法返回一个布尔值，表示某个键是否在当前 Map 对象之中。 * Map.prototype.delete(key) delete方法删除某个键，返回true。如果删除失败，返回false。 * Map.prototype.clear() clear方法清除所有成员，没有返回值。 遍历方法 Map 的遍历顺序就是插入顺序。 * Map.prototype.keys()：返回键名的遍历器。 * Map.prototype.values()：返回键值的遍历器。 * Map.prototype.entries()：返回所有成员的遍历器。 * Map.prototype.forEach()：遍历 Map 的所有成员。 const reporter = { report: function(key, value) { console.log(\"Key: %s, Value: %s\", key, value); } }; map.forEach(function(value, key, map) { // forEach方法的回调函数的this，就指向reporter。 this.report(key, value); }, reporter); ### WeakMap WeakMap与Map的区别有两点。 这里的区别和 WeakSet与Set的区别类似 * 首先，WeakMap只接受对象作为键名（null除外），不接受其他类型的值作为键名。 * WeakMap的键名所指向的对象，不计入垃圾回收机制。 > WeakMap 弱引用的只是键名，而不是键值。键值依然是正常引用。 const wm = new WeakMap(); let key = {}; let obj = {foo: 1}; wm.set(key, obj); obj = null; wm.get(key) // Object {foo: 1} ``` 键值obj是正常引用。所以，即使在 WeakMap 外部消除了obj的引用，WeakMap 内部的引用依然存在。 WeakMap只有四个方法可用：get()、set()、has()、delete()。 &CopyRight Yolo2021 all right reserved，powered by Gitbook文件修订时间： 2022-02-09 13:21:00 "},"前端100问笔记/第5题.html":{"url":"前端100问笔记/第5题.html","title":"第5题","keywords":"","body":"第 5 题：介绍下深度优先遍历和广度优先遍历，如何实现 https://github.com/Advanced-Frontend/Daily-Interview-Question/issues/9 考察树状结构 树和图属于非线性数据结构的类别，其中树提供了一种非常有用的方式来表示层次结构中的节点之间的关系，并且图遵循网络模型。树和图的区别在于，树结构必须连接并且永远不会有循环，而图中没有这种限制。 深度优先遍历（DFS） 深度优先遍历（Depth-First-Search），是搜索算法的一种，它沿着树的深度遍历树的节点，尽可能深地搜索树的分支。 DFS就是从一个节点开始追溯，直到最后一个节点，然后回溯，继续追溯下一条路径，直到到达所有的节点，如此往复，直到没有路径为止。 广度优先遍历（BFS） 广度优先遍历（Breadth-First-Search）是从根节点开始，沿着图的宽度遍历节点，如果所有节点均被访问过，则算法终止，BFS 同样属于盲目搜索，一般用 队列数据结构 来辅助实现BFS 递归版本的BFS由于层级太深，会导致堆栈溢出：Maximum call stack size exceeded // 当检测到子节点时，将子节点放到队列末尾 // 遍历处理时先从队列前面开始 function breadthFirstSearch(node) { var nodes = []; if (node != null) { var queue = []; queue.unshift(node); // 将根节点放入 while (queue.length != 0) { var item = queue.shift(); // 从队列推出节点 nodes.push(item); // 并放入node var children = item.children; // 获取节点的子节点 for (var i = 0; i &CopyRight Yolo2021 all right reserved，powered by Gitbook文件修订时间： 2021-06-01 11:59:04 "},"前端100问笔记/第6题.html":{"url":"前端100问笔记/第6题.html","title":"第6题","keywords":"","body":"第 6 题：请分别用深度优先思想和广度优先思想实现一个拷贝函数 https://github.com/Advanced-Frontend/Daily-Interview-Question/issues/10 &CopyRight Yolo2021 all right reserved，powered by Gitbook文件修订时间： 2021-06-01 11:59:17 "},"前端100问笔记/第19题.html":{"url":"前端100问笔记/第19题.html","title":"第19题","keywords":"","body":"第 19 题：React setState 笔试题，下面的代码输出什么？ https://github.com/Advanced-Frontend/Daily-Interview-Question/issues/18 class Example extends React.Component { constructor() { super(); this.state = { val: 0 }; } componentDidMount() { this.setState({val: this.state.val + 1}); console.log(this.state.val); // 第 1 次 log this.setState({val: this.state.val + 1}); console.log(this.state.val); // 第 2 次 log setTimeout(() => { this.setState({val: this.state.val + 1}); console.log(this.state.val); // 第 3 次 log this.setState({val: this.state.val + 1}); console.log(this.state.val); // 第 4 次 log }, 0); } render() { return null; } }; 1、第一次和第二次都是在 react 自身生命周期内，触发时 isBatchingUpdates 为 true，所以并不会直接执行更新 state，而是加入了 dirtyComponents，所以打印时获取的都是更新前的状态 0。 2、两次 setState 时，获取到 this.state.val 都是 0，所以执行时都是将 0 设置成 1，在 react 内部会被合并掉，只执行一次。设置完成后 state.val 值为 1。 3、setTimeout 中的代码，触发时 isBatchingUpdates 为 false，所以能够直接进行更新，所以连着输出 2，3。 图的来源 0 0 2 3 &CopyRight Yolo2021 all right reserved，powered by Gitbook文件修订时间： 2021-06-01 16:37:59 "},"Browser/":{"url":"Browser/","title":"Browser","keywords":"","body":"Browser &CopyRight Yolo2021 all right reserved，powered by Gitbook文件修订时间： 2021-06-01 11:59:46 "},"Browser/从输入URL到页面加载的全过程.html":{"url":"Browser/从输入URL到页面加载的全过程.html","title":"从输入URL到页面加载的全过程","keywords":"","body":" 首先在浏览器中输入URL 查找缓存：浏览器先查看浏览器缓存 -> 系统缓存 -> 路由缓存中是否有该地址页面，如果有则显示页面内容。如果没有则进行下一步。 DNS域名解析：浏览器向DNS服务器发起请求，解析该URL中的域名对应的IP地址。DNS服务器是基于UDP的，因此会用到UDP协议。 建立TCP连接：解析出IP地址后，根据IP地址和默认80端口，和服务器建立TCP连接 发起HTTP请求：浏览器发起读取文件的HTTP请求，该请求报文作为TCP三次握手的第三次数据发送给服务器 服务器响应请求并返回结果：服务器对浏览器请求做出响应，并把对应的html文件发送给浏览器 关闭TCP连接：通过四次挥手释放TCP连接 浏览器渲染：客户端（浏览器）解析HTML内容并渲染出来 JS引擎解析过程：调用JS引擎执行JS代码（JS的解释阶段，预处理阶段，执行阶段生成执行上下文，VO，作用域链、回收机制等等） &CopyRight Yolo2021 all right reserved，powered by Gitbook文件修订时间： 2022-02-10 15:41:16 "},"Browser/浏览器输入URL之后.html":{"url":"Browser/浏览器输入URL之后.html","title":"浏览器输入URL之后","keywords":"","body":" 输入地址后，首先进行DNS域名解析 在浏览器DNS缓存中搜索 在操作系统DNS缓存中搜索 读取系统hosts文件，查找其中是否有对应的ip 向本地配置的首选DNS服务器发起域名解析请求 建立TCP连接 TCP协议采用了三次握手策略： 发送端首先发送一个带SYN（synchronize）标志的数据包给接收方 接收方收到后，回传一个带有SYN/ACK(acknowledegment)标志的数据包以示传达确认信息 最后发送方再回传一个带ACK标志的数据包，代表握手结束 浏览器向 web 服务器发起HTTP/HTTPS请求 服务器的永久重定向响应，浏览器跟踪重定向地址，服务器处理请求，服务器返回一个 http 响应。 浏览器解析html 浏览器布局渲染 &CopyRight Yolo2021 all right reserved，powered by Gitbook文件修订时间： 2022-02-11 16:53:06 "},"Browser/进程、线程和协程.html":{"url":"Browser/进程、线程和协程.html","title":"进程、线程和协程","keywords":"","body":"说下进程、线程和协程 进程是一个具有一定独立功能的程序在一个数据集上的一次动态执行的过程，是操作系统进行资源分配和调度的一个独立单位，是应用程序运行的载体。 进程是一种抽象的概念，从来没有统一的标准定义。 &CopyRight Yolo2021 all right reserved，powered by Gitbook文件修订时间： 2022-02-10 16:20:04 "},"Browser/跨域.html":{"url":"Browser/跨域.html","title":"跨域","keywords":"","body":"什么是跨域 我们通常所说的跨域，是指由浏览器同源策略限制的一类请求场景。是指浏览器不能执行其他网站的脚本。是浏览器对JavaScript实施的安全限制。 什么是同源策略 所谓同源是指\"协议+域名+端口\"三者相同；即便是两个不同的域名指向同一个ip地址，也非同源 特别注意两点： 如果是协议和端口造成的跨域问题“前台”是无能为力的。 在跨域问题上，域仅仅是通过“URL的首部”来识别而不会去尝试判断相同的ip地址对应着两个域或两个域是否在同一个ip上。 常见跨域场景 跨域常见解决方案 通过JSONP跨域 document.domain + iframe 解决跨域 跨域资源共享（CORS） 跨域资源共享（CORS）（cross-origin sharing standard ） MDN地址：https://developer.mozilla.org/zh-CN/docs/Web/HTTP/Access_control_CORS#Preflighted_requests MDN定义：跨域资源共享(CORS) 是一种机制，它使用额外的 HTTP 头来告诉浏览器 让运行在一个 origin (domain) 上的Web应用被准许访问来自不同源服务器上的指定的资源。当一个资源从与该资源本身所在的服务器不同的域、协议或端口请求一个资源时，资源会发起一个跨域 HTTP 请求。 所有浏览器都支持该功能(IE8+：IE8/9需要使用XDomainRequest对象来支持CORS）)，CORS也已经成为主流的跨域解决方案。 普通跨域请求：只服务端设置Access-Control-Allow-Origin即可，前端无须设置，若要带cookie请求：前后端都需要设置。 预检请求 OPTIONS 对那些可能对服务器数据产生副作用的 HTTP 请求方法（特别是 GET 以外的 HTTP 请求，或者搭配某些 MIME 类型的 POST 请求），浏览器必须首先使用 OPTIONS 方法发起一个预检请求（preflight request），从而获知服务端是否允许该跨域请求。服务器确认允许之后，才发起实际的 HTTP 请求。在预检请求的返回中，服务器端也可以通知客户端，是否需要携带身份凭证（包括 Cookies 和 HTTP 认证相关数据） 简单请求 某些请求不会触发 CORS 预检请求。本文称这样的请求为“简单请求”，请注意，该术语并不属于 Fetch （其中定义了 CORS）规范。若请求满足所有下述条件，则该请求可视为“简单请求”： 使用下列方法之一： * GET * HEAD * POST 没有人为设置该集合之外的其他首部字段： Accept Accept-Language Content-Language Content-Type （需要注意额外的限制） DPR Downlink Save-Data Viewport-Width Width Content-Type 的值仅限于下列三者之一： text/plain multipart/form-data application/x-www-form-urlencoded 阮一峰博客：http://www.ruanyifeng.com/blog/2016/04/cors.html &CopyRight Yolo2021 all right reserved，powered by Gitbook文件修订时间： 2021-06-01 14:49:50 "},"Browser/浏览器的缓存机制.html":{"url":"Browser/浏览器的缓存机制.html","title":"浏览器的缓存机制","keywords":"","body":"浏览器的缓存机制 强制缓存 && 协商缓存 浏览器发起HTTP请求 – 服务器响应该请求。那么浏览器第一次向服务器发起该请求后拿到请求结果，会根据响应报文中HTTP头的缓存标识，决定是否缓存结果，是则将请求结果和缓存标识存入浏览器缓存中 浏览器每次发起请求，都会先在浏览器缓存中查找该请求的结果以及缓存标识 浏览器每次拿到返回的请求结果都会将该结果和缓存标识存入浏览器缓存中 这里根据是否需要向服务器重新发起HTTP请求将缓存过程分为两个部分，分别是强制缓存和协商缓存。 强制缓存 强制缓存就是向浏览器缓存查找该请求结果，并根据该结果的缓存规则来决定是否使用该缓存结果的过程。当浏览器向服务器发起请求时，服务器会将缓存规则放入HTTP响应报文的HTTP头中和请求结果一起返回给浏览器， 控制强制缓存的字段分别是 Expires 和 Cache-Control，其中Cache-Control优先级比Expires高。 强制缓存的情况主要有三种(暂不分析协商缓存过程)，如下： 不存在该缓存结果和缓存标识，强制缓存失效，则直接向服务器发起请求（跟第一次发起请求一致）。 存在该缓存结果和缓存标识，但该结果已失效，强制缓存失效，则使用协商缓存。 存在该缓存结果和缓存标识，且该结果尚未失效，强制缓存生效，直接返回该结果 协商缓存 协商缓存就是强制缓存失效后，浏览器携带缓存标识向服务器发起请求，由服务器根据缓存标识决定是否使用缓存的过程协商缓存的标识也是在响应报文的HTTP头中和请求结果一起返回给浏览器的 控制协商缓存的字段分别有：Last-Modified / If-Modified-Since 和 Etag / If-None-Match，其中Etag / If-None-Match的优先级比Last-Modified / If-Modified-Since高 协商缓存主要有以下两种情况： 协商缓存生效，返回304 协商缓存失效，返回200和请求结果结果 &CopyRight Yolo2021 all right reserved，powered by Gitbook文件修订时间： 2022-02-10 16:11:12 "},"Browser/浏览器重绘与重排.html":{"url":"Browser/浏览器重绘与重排.html","title":"浏览器重绘与重排","keywords":"","body":"浏览器重绘与重排的区别？ 重排/回流（Reflow）：当DOM的变化影响了元素的几何信息，浏览器需要重新计算元素的几何属性，将其安放在界面中的正确位置，这个过程叫做重排。表现为重新生成布局，重新排列元素。 重绘(Repaint): 当一个元素的外观发生改变，但没有改变布局,重新把元素外观绘制出来的过程，叫做重绘。表现为某些元素的外观被改变 『重绘』不一定会出现『重排』，『重排』必然会出现『重绘』。 如何触发重排和重绘？ 添加、删除、更新DOM节点 通过display: none隐藏一个DOM节点-触发重排和重绘 通过visibility: hidden隐藏一个DOM节点-只触发重绘，因为没有几何变化 移动或者给页面中的DOM节点添加动画 添加一个样式表，调整样式属性 用户行为，例如调整窗口大小，改变字号，或者滚动。 如何避免重绘或者重排？ &CopyRight Yolo2021 all right reserved，powered by Gitbook文件修订时间： 2022-02-10 15:48:16 "},"Browser/HTML元信息标签.html":{"url":"Browser/HTML元信息标签.html","title":"HTML元信息标签","keywords":"","body":" H5标签信息 &CopyRight Yolo2021 all right reserved，powered by Gitbook文件修订时间： 2021-05-28 15:53:28 "},"HTML/":{"url":"HTML/","title":"HTML","keywords":"","body":"HTML &CopyRight Yolo2021 all right reserved，powered by Gitbook文件修订时间： 2021-06-01 12:05:52 "},"HTML/base标签.html":{"url":"HTML/base标签.html","title":"base标签","keywords":"","body":"HTML 元素 指定用于一个文档中包含的所有相对 URL 的根 URL。一份中只能有一个 元素。 一个文档的基本 URL, 可以通过使用 document.baseURI 查询。如果文档不包含 元素，baseURI 默认为 document.location.href href用于文档中相对 URL 地址的基础 URL。允许绝对和相对URL。 如果指定了多个 元素，只会使用第一个 href 和 target 值, 其余都会被忽略。 ​页内锚​ 指向文档中某个片段的链接，例如 用 解析，触发对带有附加片段的基本 URL 的 HTTP 请求。 例如：给定 以及此链接 Anker 链接指向 https://example.com/#anchor 简单理解：base标签的作用就是，当页面中的A超链接标签没有设置href属性的值和没有设置target属性的值时，默认使用base标签中的href属 性的值和target属性的值 base标签 测试1 测试2 测试3 测试4 测试5 ​ &CopyRight Yolo2021 all right reserved，powered by Gitbook文件修订时间： 2021-05-26 12:47:33 "},"CSS/":{"url":"CSS/","title":"CSS","keywords":"","body":"&CopyRight Yolo2021 all right reserved，powered by Gitbook文件修订时间： 2021-09-22 11:49:42 "},"CSS/盒子模型.html":{"url":"CSS/盒子模型.html","title":"盒子模型","keywords":"","body":"CSS 盒子模型 box-sizing 属性是 CSS3 的 盒模型属性之一。盒子的宽度和高度的计算方式由 box-sizing 属性控制。 content-box 这是由 CSS2.1 规定的宽度高度行为。宽度和高度分别应用到元素的内容框。在宽度和高度之外绘制元素的内边距和边框。 此值为其默认值，其让元素维持 W3C 的标准盒模型 border-box 为元素设定的宽度和高度决定了元素的边框盒。就是说，为元素指定的任何内边距和边框都将在已设定的宽度和高度内进行绘制。通过从已设定的宽度和高度分别减去边框和内边距才能得到内容的宽度和高度。 此值让元素维持 IE 传统的 Box Model（IE6 以下版本） inherit 规定应从父元素继承 box-sizing 属性的值 我们通过JavaScript代码获取某一个元素的大小时，所得到的width和height其实是盒子模型中的content的大小 IE盒模型与标准盒模型的核心差异是：IE盒模型的content部分包含了border和padding。 标准盒模型(content-box)： 一个块的总宽度 = width+margin(左右)+padding(左右)+border(左右) 怪异盒模型(border-box)： 一个块的总宽度 = width+margin（左右）（即 width 已经包含了 padding 和 border 值） &CopyRight Yolo2021 all right reserved，powered by Gitbook文件修订时间： 2022-02-11 16:43:46 "},"CSS/清除浮动的方式.html":{"url":"CSS/清除浮动的方式.html","title":"清除浮动的方式","keywords":"","body":"清除浮动的方式 添加额外标签 //添加额外标签并且添加clear属性 //也可以加一个br标签 父级添加 overflow 属性，或者设置高度 建立伪类选择器清除浮动 /* 在css中添加:after伪元素 */ .parent:after{ /* 设置添加子元素的内容是空 */ content: ''; /* 设置添加子元素为块级元素 */ display: block; /* 设置添加的子元素的高度0 */ height: 0; /* 设置添加子元素看不见 */ visibility: hidden; /* 设置clear：both */ clear: both; } &CopyRight Yolo2021 all right reserved，powered by Gitbook文件修订时间： 2022-02-11 16:03:01 "},"CSS/页面布局.html":{"url":"CSS/页面布局.html","title":"页面布局","keywords":"","body":"页面布局 Flex 布局 Flex 是 Flexible Box 的缩写，意为\"弹性布局\",用来为盒状模型提供最大的灵活性。指定容器 display: flex 即可。 简单的分为容器属性和元素属性。 容器属性： lex-direction：决定主轴的方向（即子 item 的排列方法）flex-direction: row | row-reverse | column | column-reverse; flex-wrap：决定换行规则 flex-wrap: nowrap | wrap | wrap-reverse; flex-flow： 是 flex-direction 和 flex-wrap 属性的复合属性 用于设置或检索弹性盒模型对象的子元素排列方式 justify-content：对齐方式，水平主轴对齐方式 align-items：对齐方式，竖直轴线方向 align-content: 该属性对单行弹性盒子模型无效。（即：带有 flex-wrap: nowrap）。容器内必须有多行的项目，该属性才能渲染出效果。 元素属性: order 属性：定义项目的排列顺序，顺序越小，排列越靠前，默认为 0 flex-grow 属性：定义项目的放大比例，即使存在空间，也不会放大 flex-shrink 属性：定义了项目的缩小比例，当空间不足的情况下会等比例的缩小，如果 定义个 item 的 flow-shrink 为 0，则为不缩小 flex-basis 属性：定义了在分配多余的空间，项目占据的空间。 flex：是 flex-grow 和 flex-shrink、flex-basis 的简写，默认值为 0 1 auto。 align-self：允许单个项目与其他项目不一样的对齐方式，可以覆盖 align-items，默认属 性为 auto，表示继承父元素的 align-items 比如说，用 flex 实现圣杯布局 Rem 布局 首先 Rem 相对于根(html)的 font-size 大小来计算。简单的说它就是一个相对单例 如:font-size:10px; 那么（1rem = 10px） 其实 rem 布局的本质是等比缩放，一般是基于宽度。 优点：可以快速适用移动端布局，字体，图片高度 缺点： ①目前 ie 不支持，对 pc 页面来讲使用次数不多； ②数据量大：所有的图片，盒子都需要我们去给一个准确的值；才能保证不同机型的适配； ③在响应式布局中，必须通过 js 来动态控制根元素 font-size 的大小。也就是说 css 样式和 js 代码有一定的耦合性。且必须将改变 font-size 的代码放在 css 样式之前。 百分比布局 通过百分比单位 \" % \" 来实现响应式的效果。通过百分比单位可以使得浏览器中的组件的宽和高随着浏览器 的变化而变化，从而实现响应式的效果。 子元素的百分比完全相对于直接父元素，height 百分比相 对于 height，width 百分比相对于 width。 padding、border、margin 等等不论是垂直方向还是水平方向，都相对于直接父元素的 width。 除了 border-radius 外，还有比如 translate、background-size 等都是相对于自身的。 缺点： （1）计算困难 （2）各个属性中如果使用百分比，相对父元素的属性并不是唯一的。造成我们使用百分比单位容易使布局问题变得复杂。 浮动布局 当元素浮动以后可以向左或向右移动，直到它的外边缘碰到包含它的框或者另外一个浮动元素的边框为止。 元素浮动以后会脱离正常的文档流，所以文档的普通流中的框就变的好像浮动元素不存在一样。 优点 这样做的优点就是在图文混排的时候可以很好的使文字环绕在图片周围。 另外当元素浮动了起来之后，它有着块级元素的一些性质例如可以设置宽高等，但它与inline-block还是有一些区别的: 第一个就是关于横向排序的时候，float可以设置方向而inline-block方向是固定的； 还有一个就是inline-block在使用时有时会有空白间隙的问题 缺点 最明显的缺点就是浮动元素一旦脱离了文档流，就无法撑起父元素，会造成父级元素高度塌陷。 解决办法就是把父元素设置为BFC &CopyRight Yolo2021 all right reserved，powered by Gitbook文件修订时间： 2022-02-11 15:54:03 "},"CSS/BFC.html":{"url":"CSS/BFC.html","title":"BFC","keywords":"","body":"BFC 全称：Block Formatting Context， 名为 \"块级格式化上下文\"。 W3C 官方解释为：BFC 它决定了元素如何对其内容进行定位，以及与其它元素的关系和相互作用，当涉及到可视化布局时，Block Formatting Context 提供了一个环境，HTML 在这个环境中按照一定的规则进行布局。 BFC 是一个完全独立的空间（布局环境），让空间里的子元素不会影响到外面的布局。布局规则有内部 box 垂直放置，计算 BFC 的高度的时候，浮动元素也参与计算。 满足下列 CSS 声明之一的元素便会生成 BFC 根元素 float 的值 left right overflow 的值为 scroll overlay hidden auto display 的值为 inline-block、table-cell、table-caption position 的值为 absolute 或 fixed .container { /* 生效的属性 */ /* display: inline-block; */ /* float: left; */ /* float: right; */ /* position: absolute; */ background: #000; /* block是无效的 */ /* display: block; */ } BFC 的规则 BFC 就是一个块级元素，块级元素会在垂直方向一个接一个的排列 BFC 就是页面中的一个隔离的独立容器，容器里的标签不会影响到外部标签 垂直方向的距离由 margin 决定， 属于同一个 BFC 的两个相邻的标签外边距会发生重叠 计算 BFC 的高度时，浮动元素也参与计算 BFC 的区域不会与 float 的元素区域重叠 BFC 解决的问题 使用 Float 脱离文档流，高度塌陷 Margin 边距重叠 两栏布局 &CopyRight Yolo2021 all right reserved，powered by Gitbook文件修订时间： 2022-02-11 14:56:12 "},"HTTP/":{"url":"HTTP/","title":"HTTP","keywords":"","body":"HTTP &CopyRight Yolo2021 all right reserved，powered by Gitbook文件修订时间： 2021-06-01 12:11:25 "},"HTTP/简述HTTP2.0.html":{"url":"HTTP/简述HTTP2.0.html","title":"HTTP","keywords":"","body":"http 和 https 的区别，相比于 http,https 是基于 ssl 加密的 http 协议 http2.0 是基于 1999 年发布的 http1.0 之后的首次更新 提升访问速度(可以对于，请求资源所需时间更少，访问速度更快，相比 http1.0) 允许多路复用：多路复用允许同时通过单一的 HTTP/2 连接发送多重请求-响应信息。 改善了:在 http1.1 中，浏览器客户端在同一时间，针对同一域名下的请求有一定数量限 制(连接数量)，超过限制会被阻塞。 二进制分帧:HTTP2.0 会将所有的传输信息分割为更小的信息或者帧，并对他们进行二进制编码 首部压缩 服务器端推送 &CopyRight Yolo2021 all right reserved，powered by Gitbook文件修订时间： 2021-05-26 12:22:14 "},"HTTP/HTTP和HTTPS.html":{"url":"HTTP/HTTP和HTTPS.html","title":"HTTP和HTTPS","keywords":"","body":"http和https的基本概念基本概念 http: 超文本传输协议，是互联网上应用最为广泛的一种网络协议，是一个客户端和服 务器端请求和应答的标准(TCP)，用于从 WWW 服务器传输超文本到本地浏览器的传 输协议，它可以使浏览器更加高效，使网络传输减少。 https: 是以安全为目标的 HTTP 通道，简单讲是 HTTP 的安全版，即 HTTP 下加入 SSL 层，HTTPS 的安全基础是 SSL，因此加密的详细内容就需要 SSL。 https 协议的主要作用是:建立一个信息安全通道，来确保数组的传输，确保网站的真实 性。 http 和 https 的区别 http 是超文本传输协议，信息是明文传输，HTTPS 协议要比 http 协议安全，https 是具有安全性的 ssl 加密传输协议，可防止数据在传输过程中被窃取、改变，确保数据的完整性(当然这种安全性并非绝对的，对于更深入的 Web 安全问题，此处暂且不表)。 http 协议的默认端口为 80，https 的默认端口为 443。 https 缓存不如 http 高效，会增加数据开销。 Https 协议需要 ca 证书，费用较高，功能越强大的证书费用越高。 http 的连接很简单，是无状态的。https 握手阶段比较费时，会使页面加载时间延长 50%，增加 10%~20%的耗电。 SSL 证书需要绑定 IP，不能再同一个 IP 上绑定多个域名，IPV4 资源支持不了这种消耗。 https 协议的工作原理 客户端在使用 HTTPS 方式与 Web 服务器通信时有以下几个步骤： 客户端使用 https url 访问服务器，则要求 web 服务器建立 ssl 链接。 web 服务器接收到客户端的请求之后，会将网站的证书（证书中包含了公钥），传输给客户端。 客户端和 web 服务器端开始协商 SSL 链接的安全等级，也就是加密等级。 客户端浏览器通过双方协商一致的安全等级，建立会话密钥，然后通过网站的公钥来加密会话密钥，并传送给网站。 web 服务器通过自己的私钥解密出会话密钥。 web 服务器通过会话密钥加密与客户端之间的通信。 &CopyRight Yolo2021 all right reserved，powered by Gitbook文件修订时间： 2022-02-10 13:48:09 "},"HTTP/HTTP状态码.html":{"url":"HTTP/HTTP状态码.html","title":"HTTP状态码","keywords":"","body":" 100 Continue 继续。客户端应继续其请求 101 Switching Protocols 切换协议。服务器根据客户端的请求切换协议。只能切换到更 高级的协议，例如，切换到 HTTP 的新版本协议 200 OK 请求成功。一般用于 GET 与 POST 请求 201 Created 已创建。成功请求并创建了新的资源 202 Accepted 已接受。已经接受请求，但未处理完成 203 Non-Authoritative Information 非授权信息。请求成功。但返回的 meta 信息不在原始的服务器，而是一个副本 204 No Content 无内容。服务器成功处理，但未返回内容。在未更新网页的情况下， 可确保浏览器继续显示当前文档 205 Reset Content 重置内容。服务器处理成功，用户终端(例如:浏览器)应重置文 档视图。可通过此返回码清除浏览器的表单域 206 Partial Content 部分内容。服务器成功处理了部分 GET 请求 300 Multiple Choices 多种选择。请求的资源可包括多个位置，相应可返回一个资源特 征与地址的列表用于用户终端(例如:浏览器)选择 301 Moved Permanently 永久移动。请求的资源已被永久的移动到新 URI，返回信息会 包括新的 URI，浏览器会自动定向到新 URI。今后任何新的请求都应使用新的 URI 代替 302 Found 临时移动。与 301 类似。但资源只是临时被移动。客户端应继续使用原有 URI 303 See Other 查看其它地址。与 301 类似。使用 GET 和 POST 请求查看 304 Not Modified 未修改。所请求的资源未修改，服务器返回此状态码时，不会返回 任何资源。客户端通常会缓存访问过的资源，通过提供一个头信息指出客户端希望只返 回在指定日期之后修改的资源 305 Use Proxy 使用代理。所请求的资源必须通过代理访问 306 Unused 已经被废弃的 HTTP 状态码 307 Temporary Redirect 临时重定向。与 302 类似。使用 GET 请求重定向 400 Bad Request 客户端请求的语法错误，服务器无法理解 401 Unauthorized 请求要求用户的身份认证 402 Payment Required 保留，将来使用 403 Forbidden 服务器理解请求客户端的请求，但是拒绝执行此请求 404 Not Found 服务器无法根据客户端的请求找到资源(网页)。通过此代码，网站 设计人员可设置\"您所请求的资源无法找到\"的个性页面 405 Method Not Allowed 客户端请求中的方法被禁止 406 Not Acceptable 服务器无法根据客户端请求的内容特性完成请求 407 Proxy Authentication Required 请求要求代理的身份认证，与 401 类似，但请求者应当使用代理进行授权 408 Request Time-out 服务器等待客户端发送的请求时间过长，超时 409 Conflict 服务器完成客户端的 PUT 请求是可能返回此代码，服务器处理请求时发生了冲突 410 Gone 客户端请求的资源已经不存在。410 不同于 404，如果资源以前有现在被永 久删除了可使用 410 代码，网站设计人员可通过 301 代码指定资源的新位置 411 Length Required 服务器无法处理客户端发送的不带 Content-Length 的请求信息 412 Precondition Failed 客户端请求信息的先决条件错误 413 Request Entity Too Large 由于请求的实体过大，服务器无法处理，因此拒绝请求。为防止客户端的连续请求，服务器可能会关闭连接。如果只是服务器暂时无法处理，则 会包含一个 Retry-After 的响应信息 414 Request-URI Too Large 请求的 URI 过长(URI 通常为网址)，服务器无法处理 415 Unsupported Media Type 服务器无法处理请求附带的媒体格式 416 Requested range not satisfiable 客户端请求的范围无效 417 Expectation Failed 服务器无法满足 Expect 的请求头信息 500 Internal Server Error 服务器内部错误，无法完成请求 501 Not Implemented 服务器不支持请求的功能，无法完成请求 502 Bad Gateway 作为网关或者代理工作的服务器尝试执行请求时，从远程服务器接收到了一个无效的响应 504 Gateway Time-out 充当网关或代理的服务器，未及时从远端服务器获取请求 505 HTTP Version not supported 服务器不支持请求的 HTTP 协议的版本，无法完成处理 &CopyRight Yolo2021 all right reserved，powered by Gitbook文件修订时间： 2021-05-26 12:46:55 "},"HTTP/TCP和UDP.html":{"url":"HTTP/TCP和UDP.html","title":"TCP和UDP","keywords":"","body":"TCP 三次握手 第一次握手：建立连接时，客户端发送syn包（syn=j）到服务器，并进入SYN_SENT状态，等待服务器确认； SYN：同步序列编号（Synchronize Sequence Numbers）。 第二次握手：服务器收到syn包并确认客户的SYN（ack=j+1），同时也发送一个自己的SYN包（syn=k），即SYN+ACK包，此时服务器进入SYN_RECV状态； 第三次握手：客户端收到服务器的SYN+ACK包，向服务器发送确认包ACK(ack=k+1），此包发送完毕，客户端和服务器进入ESTABLISHED（TCP连接成功）状态，完成三次握手。 TCP四次挥手 客户端进程发出连接释放报文，并且停止发送数据。释放数据报文首部，FIN=1，其序列号为seq=u（等于前面已经传送过来的数据的最后一个字节的序号加1），此时，客户端进入FIN-WAIT-1（终止等待1）状态。 TCP规定，FIN报文段即使不携带数据，也要消耗一个序号。 客户端进程发出连接释放报文，客户端进入FIN-WAIT-1（终止等待1）状态 服务器收到连接释放报文，发出确认报文，ACK=1，ack=u+1，并且带上自己的序列号seq=v，此时，服务端就进入了CLOSE-WAIT（关闭等待）状态。TCP服务器通知高层的应用进程，客户端向服务器的方向就释放了，这时候处于半关闭状态，即客户端已经没有数据要发送了，但是服务器若发送数据，客户端依然要接受。这个状态还要持续一段时间，也就是整个CLOSE-WAIT状态持续的时间。 服务器收到连接释放报文，发出确认报文，ACK=1，ack=u+1，并且带上自己的序列号seq=v，此时，服务端就进入了CLOSE-WAIT（关闭等待）状态 客户端收到服务器的确认请求后，此时，客户端就进入FIN-WAIT-2（终止等待2）状态，等待服务器发送连接释放报文（在这之前还需要接受服务器发送的最 后的数据） 客户端就进入FIN-WAIT-2（终止等待2）状态 服务器将最后的数据发送完毕后，就向客户端发送连接释放报文，FIN=1，ack=u+1，由于在半关闭状态，服务器很可能又发送了一些数据，假定此时的序列号为seq=w，此时，服务器就进入了LAST-ACK（最后确认）状态，等待客户端的确认 服务器将最后的数据发送完毕后，就向客户端发送连接释放报文 服务器就进入了LAST-ACK（最后确认）状态 客户端收到服务器的连接释放报文后，必须发出确认，ACK=1，ack=w+1，而自己的序列号是seq=u+1，此时，客户端就进入了TIME-WAIT（时间等待）状态。注意此时TCP连接还没有释放，必须经过2∗∗MSL（最长报文段寿命）的时间后，当客户端撤销相应的TCB后，才进入CLOSED状态。 客户端收到服务器的连接释放报文后，必须发出确认；客户端就进入了TIME-WAIT（时间等待）状态；当客户端撤销相应的TCB后，才进入CLOSED状态; 服务器只要收到了客户端发出的确认，立即进入CLOSED状态。同样，撤销TCB后，就结束了这次的TCP连接。可以看到，服务器结束TCP连接的时间要比客户端早一些。 立即进入CLOSED状态, 服务器结束TCP连接的时间要比客户端早一些 TCP/IP / 如何保证数据包传输的有序可靠？ 对字节流分段并进行编号然后通过 ACK 回复和超时重发这两个机制来保证。 TCP与UDP区别 TCP 是面向连接的，udp 是无连接的即发送数据前不需要先建立链接 TCP 提供可靠的服务。也就是说，通过 TCP 连接传送的数据，无差错，不丢失， 不重复，且按序到达；UDP 尽最大努力交付，即不保证可靠交付。 并且因为 tcp 可靠， 面向连接，不会丢失数据因此适合大数据量的交换。 TCP 是面向字节流；UDP 面向报文，并且网络出现拥塞不会使得发送速率降低(因 此会出现丢包，对实时的应用比如 IP 电话和视频会议等)。 TCP 只能是 1 对 1 的，UDP 支持 1 对 1、1 对多。 TCP 的首部较大为 20 字节，而 UDP 只有 8 字节 TCP 是面向连接的可靠性传输，而 UDP 是不可靠的。 &CopyRight Yolo2021 all right reserved，powered by Gitbook文件修订时间： 2022-02-10 15:04:18 "},"HTTP/Cookie、sessionStorage、localStorage的区别.html":{"url":"HTTP/Cookie、sessionStorage、localStorage的区别.html","title":"Cookie、sessionStorage、localStorage的区别","keywords":"","body":"Cookie、sessionStorage、localStorage 的区别 相同点： 存储在客户端 不同点 cookie数据大小不能超过4k；sessionStorage和localStorage的存储比cookie大得多，可以达到5M+ cookie设置的过期时间之前一直有效；localStorage永久存储，浏览器关闭后数据不丢失除非主动删除数据；sessionStorage数据在当前浏览器窗口关闭后自动删除 cookie的数据会自动的传递到服务器；sessionStorage和localStorage数据保存在本地 &CopyRight Yolo2021 all right reserved，powered by Gitbook文件修订时间： 2022-02-10 15:16:08 "},"JavaScript/":{"url":"JavaScript/","title":"JavaScript","keywords":"","body":"javascript &CopyRight Yolo2021 all right reserved，powered by Gitbook文件修订时间： 2021-05-31 20:07:01 "},"JavaScript/经常考察的概念/":{"url":"JavaScript/经常考察的概念/","title":"经常考察概念","keywords":"","body":"经常考察的概念 &CopyRight Yolo2021 all right reserved，powered by Gitbook文件修订时间： 2021-06-01 11:04:11 "},"JavaScript/经常考察的概念/闭包.html":{"url":"JavaScript/经常考察的概念/闭包.html","title":"闭包","keywords":"","body":" 闭包是指有权访问另一个函数作用域中变量的函数， 创建闭包的最常见的方式就是在一个函数内创建另一个函数， 通过另一个函数访问这个函数的局部变量,利用闭包可以突破作用链域，将函数内部的变量和方法传递到外部 index = 0 index = 1 index = 2 index = 3 const nodes = document.getElementsByTagName(\"li\"); for (i = 0; i &CopyRight Yolo2021 all right reserved，powered by Gitbook文件修订时间： 2022-02-11 16:14:11 "},"JavaScript/经常考察的概念/原型.html":{"url":"JavaScript/经常考察的概念/原型.html","title":"原型","keywords":"","body":" 原型 每个实例对象（object ）都有一个私有属性（称之为proto）指向它的原型对象（prototype）。 无论什么时候创建一个函数，该函数都有一个prototype（原型）属性，即原型对象 默认情况下，原型对象都会自动获取一个constructor（构造函数）属性，该属性指向prototype属性所在的函数 prototype（原型）就是通过构造函数来创建的对象实例的原型对象， 这个对象让所有对象实例可以共享它所包含的属性和方法 所有普通的[[Prototype]]链最终都会指向内置的Object.prototype 构造函数 任何函数，只要通过new操作符来调用，就可以作为构造函数 构造函数new一个对象实例的过程 创建一个新对象实例； 将构造函数的作用域赋给新对象实例 执行构造函数中的代码，为新对象实例添加属性 返回新对象实例 function Person() { this.sayHello = function (params) { console.log('hello'); }; } Person.prototype.name = 'person'; const person1 = new Person(); // Person.prototype === person1.__proto__ console.log(JSON.stringify(Person.prototype)); // {\"name\":\"person\"} console.log(JSON.stringify(person1.__proto__)); // {\"name\":\"person\"} console.log(JSON.stringify(person1.prototype)); // undefined console.log(Person.prototype === person1.__proto__); // true console.log(`getPrototypeOf: ${Object.getPrototypeOf(person1) === Person.prototype}`); // true console.log(`constructor: ${Person.prototype.constructor === Person}`); // true console.log(person1.__proto__.constructor === Person.prototype.constructor); // true console.log(person1.__proto__.constructor === Person); // true console.log(person1.__proto__.constructor.prototype === Person.prototype); // true // 对象实例中有一个constructor属性，指向构造函数 console.log(JSON.stringify(person1.constructor === Person)) 最后一张图片的代码 function Animal(type) { this.type = type || 'animal'; this.getType = function getType() { }; } function Dog() { this.name = 'dog'; } Dog.prototype = new Animal(); const dog = new Dog(); console.log(dog); &CopyRight Yolo2021 all right reserved，powered by Gitbook文件修订时间： 2022-01-18 15:26:00 "},"JavaScript/经常考察的概念/ES6的箭头函数.html":{"url":"JavaScript/经常考察的概念/ES6的箭头函数.html","title":"ES6的箭头函数","keywords":"","body":"https://es6.ruanyifeng.com/#docs/function#%E7%AE%AD%E5%A4%B4%E5%87%BD%E6%95%B0 箭头函数有几个使用注意点。 （1）箭头函数没有自己的this对象。 对于普通函数来说，内部的this指向函数运行时所在的对象，但是这一点对箭头函数不成立。 它没有自己的this对象，内部的this就是定义时上层作用域中的this // 普通函数 function foo() { setTimeout(function() { console.log('id:', this.id); }, 100); } var id = 21; foo.call({ id: 42 }); // 浏览器执行 id: 21 node执行 undefined >----------------------------- { console.log('id:', this.id); }, 100); } var id = 21; foo.call({ id: 42 }); // id: 42 （2）不可以当作构造函数，也就是说，不可以对箭头函数使用new命令，否则会抛出一个错误。 （3）不可以使用arguments对象，该对象在函数体内不存在。如果要用，可以用 rest 参数代替。 （4）不可以使用yield命令，因此箭头函数不能用作 Generator 函数。 &CopyRight Yolo2021 all right reserved，powered by Gitbook文件修订时间： 2022-01-18 15:55:40 "},"JavaScript/经常考察的概念/this相关知识点.html":{"url":"JavaScript/经常考察的概念/this相关知识点.html","title":"this相关知识点","keywords":"","body":"this 相关知识点 new 绑定 > 显示绑定 > 隐式绑定 > 默认绑定 this 是在调用时绑定的 如果要判断一个运行中函数的 this 绑定，就需要找到这个函数的直接调用位置。找到之后就可以顺序应用下面这四条规则来判断 this 的绑定对象。——你不知道的 JavaScript（上卷） 由 new 调用？绑定到新创建的对象。 由 call 或者 apply（或者 bind）调用？绑定到指定的对象。 由上下文对象调用？绑定到那个上下文对象。 默认：在严格模式下绑定到 undefined，否则绑定到全局对象。 /** * 优先级 * new绑定和隐式绑定的优先级 */ function foo(something) { this.a = something; } const obj1 = { foo }; const obj2 = {}; obj1.foo(2); // 此时foo的this指向obj1，所以foo执行时，this.a=2相当于执行了obj1.a=2 console.log(obj1.a); // 2 obj1.foo.call(obj2, 3); // 此时foo的this指向obj2，所以foo执行时，this.a=2相当于执行了obj1.a=2 console.log(obj2.a); // 3 const bar = new obj1.foo(4); console.log(obj1.a); // 2 console.log(bar.a); // 4 new 绑定 构造函数 new 一个对象实例的过程 创建一个新对象实例, 设置原型，将对象的原型设置为函数的prototype对象。 让函数的 this 指向这个对象 执行构造函数中的代码，为新对象实例添加属性 返回新对象实例 默认绑定 在不能应用其它绑定规则时使用的默认规则，通常是独立函数调用。 function sayHi() { console.log(\"Hello,\", this.name); } var name = \"YvetteLau\"; sayHi(); // 在调用 Hi() 时，应用了默认绑定，this 指向全局对象（非严格模式下）， // 严格模式下，this 指向 undefined，undefined 上没有 this 对象，会抛出错误。 隐式绑定 函数的调用是在某个对象上触发的，即调用位置上存在上下文对象。典型的形式为 XXX.fun(). 对象属性链中只有最后一层会影响到调用位置。 eg :person1.friend.sayHi(); 显式绑定 就是通过 call,apply,bind 的方式 call 和 apply 的功能相同，都是在调用函数，并修改 this 指向第一个参数；区别在于传参的方式不一样: fn.call(obj, arg1, arg2, ...),调用一个函数, 具有一个指定的 this 值和分别地提供的参数(参数的列表)。 fn.apply(obj, [argsArray]),调用一个函数，具有一个指定的 this 值，以及作为一个数组（或类数组对象）提供的参数。 // node中执行 global.a = 3; function foo() { console.log(this.a); } const obj = { a: 2 }; foo.call(obj); // 2 // 如果将第一个参数传为一个基本类型2 此时this指向Number引用类型 // 例如 Boolean，String，Number，这个将基本类型转为引用类型的操作成为“装箱” foo.call(2); foo.call(null); // 如果把undefined和null作为绑定对象传给call或者apply，此时应用的是默认绑定规则 如果把 undefined 和 null 作为绑定对象传给 call 或者 apply，此时应用的是默认绑定规则； bind bind(..)会返回一个硬编码的新函数，它会把参数设置为 this 的上下文并调用原始函数。——你不知道的 JavaScript（上卷） 硬绑定 应用场景：创建一个包裹函数，传入所有的参数并返回接收到的所有值；这就是 ES5 中 bind 的由来 /** * 硬绑定 * 应用场景：创建一个包裹函数，传入所有的参数并返回接收到的所有值 */ function foo() { console.log(`foo: ${this.a}`); } global.a = 3; // node window.a = 3; // 浏览器 const obj = { a: 2 }; function bar() { // 强制将foo的this绑定到obj，对于bar函数的调用方式不会影响foo函数this的指向， // 这种显式的强制绑定，成为硬绑定 foo.call(obj); console.log(`bar: ${this.a}`); } bar(); // foo: 2 bar: 3 setTimeout(bar, 100); // foo: 2 bar: node环境中是undefined，浏览器中是3 // 硬绑定的bar不可能再修改它的this bar.call(global); // foo: 2 bar: 3 bar.call(window); // foo: 2 bar: 3 箭头函数 箭头函数体内的 this 对象，就是定义时所在的对象，而不是使用时所在的对象，this 的指向是不可变的; 函数体内的 this 对象，继承的是外层代码块的 this。 不可以使用 arguments 对象，该对象在函数体内不存在。如果要用，可以用 rest 参数代替。 不可以当作构造函数，也就是说，不可以使用 new 命令，否则会抛出一个错误。 不可以使用 yield 命令，因此箭头函数不能用作 Generator 函数。 &CopyRight Yolo2021 all right reserved，powered by Gitbook文件修订时间： 2022-02-11 16:15:33 "},"JavaScript/数据类型/":{"url":"JavaScript/数据类型/","title":"数据类型","keywords":"","body":"经常考察的概念 &CopyRight Yolo2021 all right reserved，powered by Gitbook文件修订时间： 2021-06-01 11:26:50 "},"JavaScript/数据类型/数据类型定义.html":{"url":"JavaScript/数据类型/数据类型定义.html","title":"数据类型定义","keywords":"","body":"https://developer.mozilla.org/zh-CN/docs/Web/JavaScript/Data_structures https://developer.mozilla.org/zh-CN/docs/Web/JavaScript/Reference/Global_Objects 定义 ECMAScript 有 7 种简单数据类型(也称为原始类型):Undefined、Null、Boolean、Number、 String 、BigInt 和 Symbol。Symbol(符号)是 ECMAScript 6 新增的。 还有一种复杂数据类型叫 Object(对 象)。Object 是一种无序名值对的集合。因为在 ECMAScript 中不能定义自己的数据类型，所有值都可 以用上述 7 种数据类型之一来表示。 --《JavaScript 高级程序设计（第 4 版）》 BigInt 是一个可以表示任意精度的新的数字原始类型。BigInt 是一个新的原始类型，可以使用 typeof 检测出自己的类型 类型检查 typeof 操作符的唯一目的就是检查数据类型，如果我们希望检查任何从 Object 派生出来的结构类型，使用 typeof 是不起作用的，因为总是会得到 \"object\"。检查 Object 种类的合适方式是使用 instanceof 关键字。但即使这样也存在误差 typeof 用于检测变量是不是基本数据类型，是哪种基本数据类型； const num = 1; console.log(typeof num); // number const str = 'str'; console.log(typeof str); // string const bool = false; console.log(typeof bool); // boolean let unde = undefined; console.log(typeof unde); // undefined let nu = null; console.log(typeof nu); // object BigInt：typeof instance === \"bigint\" // typeof不适用于引用类型的检测 const obj = {}; console.log(typeof obj); // object const arr = []; console.log(typeof arr); // object function func(params) {} console.log(typeof func); // function instanceof result = variable instanceof constructor 通过原型链判断，如果变量 variable 是给定的引用类型 constructor 的实例，则返回 true；不适用于基本数据类型的检测 Object.prototype.toString.call() var toString = Object.prototype.toString; console.log(toString.call(1)); //[object Number] console.log(toString.call(true)); //[object Boolean] console.log(toString.call('mc')); //[object String] console.log(toString.call([])); //[object Array] console.log(toString.call({})); //[object Object] console.log(toString.call(function(){})); //[object Function] console.log(toString.call(undefined)); //[object Undefined] console.log(toString.call(null)); //[object Null] Array.isArray BigInt 与 Number 类型的值是不严格相等的 111 === 111n // false 111 == 111n // true 类型转换 很多实践中推荐禁止使用“ ==”，而要求程序员进行显式地类型... &CopyRight Yolo2021 all right reserved，powered by Gitbook文件修订时间： 2022-02-11 16:37:32 "},"React/":{"url":"React/","title":"React","keywords":"","body":"React &CopyRight Yolo2021 all right reserved，powered by Gitbook文件修订时间： 2021-06-01 12:20:44 "},"webpack/":{"url":"webpack/","title":"webpack","keywords":"","body":"webpack &CopyRight Yolo2021 all right reserved，powered by Gitbook文件修订时间： 2021-06-01 17:25:26 "},"webpack/create-react-app_webpack配置.html":{"url":"webpack/create-react-app_webpack配置.html","title":"create-react-app webpack配置","keywords":"","body":"create-react-appwebpack配置 方案一：执行命令 npm run eject 在 Create React App 中提到了一条命令 npm run eject，但是讲明了这条命令是不可逆转的，并且还存在一些其他的缺点; 方案二：使用 react-app-rewired 和 customize-cra 来自定义 create-react-app 的 webpack 配置。 之前antd官网推荐的方法，现在去看换成了第三种，网上配置很多，不做赘述 方案三 craco （一个对 create-react-app 进行自定义配置的社区解决方案） &CopyRight Yolo2021 all right reserved，powered by Gitbook文件修订时间： 2021-06-01 17:48:34 "}}